anchor,pred_id,pred_label,p0,p1,p2
2025-11-17 21:17:00+00:00,2,2,0.23567290604114532,0.11027601361274719,0.6540510654449463
