anchor,pred_id,pred_label,p0,p1,p2
2025-11-12 13:04:00+00:00,2,2,0.13096298277378082,0.0614289864897728,0.8076080083847046
