anchor,pred_id,pred_label,p0,p1,p2
2025-11-07 21:40:00+00:00,1,1,0.3627879023551941,0.3634713590145111,0.27374067902565
