anchor,pred_id,pred_label,p0,p1,p2
2025-12-01 21:01:00+00:00,2,2,0.357978492975235,0.09176641702651978,0.5502550601959229
