anchor,pred_id,pred_label,p0,p1,p2
2025-11-14 21:22:00+00:00,2,2,0.20823244750499725,0.08378856629133224,0.7079789638519287
