anchor,pred_id,pred_label,p0,p1,p2
2025-12-05 21:48:00+00:00,0,0,0.3821682929992676,0.29211798310279846,0.32571372389793396
