anchor,pred_id,pred_label,p0,p1,p2
2025-12-08 21:30:00+00:00,0,0,0.5837090611457825,0.19569812715053558,0.22059284150600433
