anchor,pred_id,pred_label,p0,p1,p2
2025-11-11 21:59:00+00:00,2,2,0.31476545333862305,0.22065766155719757,0.4645768702030182
