anchor,pred_id,pred_label,p0,p1,p2
2025-11-25 21:17:00+00:00,1,1,0.3691437244415283,0.5006813406944275,0.13017499446868896
