anchor,pred_id,pred_label,p0,p1,p2
2025-12-08 21:30:00+00:00,0,0,0.5837050080299377,0.19570155441761017,0.2205933779478073
